ID,emotion,source
0,angry,ravdess
1,fear,ravdess
2,surprised,ravdess
3,happy,ravdess
4,neutral,ravdess
5,sad,ravdess
6,surprised,ravdess
7,sad,ravdess
8,angry,ravdess
9,angry,ravdess
10,disgust,ravdess
11,angry,ravdess
12,happy,ravdess
13,disgust,ravdess
14,fear,ravdess
15,surprised,ravdess
16,sad,ravdess
17,angry,ravdess
18,neutral,ravdess
19,calm,ravdess
20,sad,ravdess
21,angry,ravdess
22,fear,ravdess
23,angry,ravdess
24,disgust,ravdess
25,surprised,ravdess
26,surprised,ravdess
27,disgust,ravdess
28,surprised,ravdess
29,disgust,ravdess
30,surprised,ravdess
31,sad,ravdess
32,sad,ravdess
33,disgust,ravdess
34,neutral,ravdess
35,disgust,ravdess
36,calm,ravdess
37,calm,ravdess
38,calm,ravdess
39,fear,ravdess
40,angry,ravdess
41,happy,ravdess
42,happy,ravdess
43,calm,ravdess
44,calm,ravdess
45,neutral,ravdess
46,happy,ravdess
47,fear,ravdess
48,fear,ravdess
49,happy,ravdess
50,sad,ravdess
51,surprised,ravdess
52,fear,ravdess
53,sad,ravdess
54,happy,ravdess
55,calm,ravdess
56,happy,ravdess
57,fear,ravdess
58,calm,ravdess
59,disgust,ravdess
60,happy,ravdess
61,calm,ravdess
62,sad,ravdess
63,calm,ravdess
64,sad,ravdess
65,happy,ravdess
66,angry,ravdess
67,neutral,ravdess
68,calm,ravdess
69,neutral,ravdess
70,sad,ravdess
71,calm,ravdess
72,surprised,ravdess
73,surprised,ravdess
74,angry,ravdess
75,happy,ravdess
76,surprised,ravdess
77,disgust,ravdess
78,happy,ravdess
79,neutral,ravdess
80,disgust,ravdess
81,sad,ravdess
82,disgust,ravdess
83,sad,ravdess
84,surprised,ravdess
85,surprised,ravdess
86,surprised,ravdess
87,disgust,ravdess
88,sad,ravdess
89,fear,ravdess
90,angry,ravdess
91,happy,ravdess
92,disgust,ravdess
93,happy,ravdess
94,happy,ravdess
95,fear,ravdess
96,fear,ravdess
97,sad,ravdess
98,calm,ravdess
99,surprised,ravdess
100,angry,ravdess
101,angry,ravdess
102,disgust,ravdess
103,disgust,ravdess
104,surprised,ravdess
105,sad,ravdess
106,fear,ravdess
107,fear,ravdess
108,calm,ravdess
109,angry,ravdess
110,calm,ravdess
111,fear,ravdess
112,neutral,ravdess
113,angry,ravdess
114,fear,ravdess
115,fear,ravdess
116,calm,ravdess
117,angry,ravdess
118,happy,ravdess
119,disgust,ravdess
120,angry,ravdess
121,disgust,ravdess
122,calm,ravdess
123,surprised,ravdess
124,disgust,ravdess
125,calm,ravdess
126,surprised,ravdess
127,fear,ravdess
128,angry,ravdess
129,happy,ravdess
130,angry,ravdess
131,surprised,ravdess
132,happy,ravdess
133,angry,ravdess
134,angry,ravdess
135,fear,ravdess
136,neutral,ravdess
137,disgust,ravdess
138,sad,ravdess
139,fear,ravdess
140,disgust,ravdess
141,surprised,ravdess
142,angry,ravdess
143,calm,ravdess
144,sad,ravdess
145,happy,ravdess
146,fear,ravdess
147,sad,ravdess
148,sad,ravdess
149,angry,ravdess
150,fear,ravdess
151,surprised,ravdess
152,fear,ravdess
153,calm,ravdess
154,disgust,ravdess
155,happy,ravdess
156,sad,ravdess
157,calm,ravdess
158,calm,ravdess
159,happy,ravdess
160,disgust,ravdess
161,disgust,ravdess
162,fear,ravdess
163,neutral,ravdess
164,surprised,ravdess
165,happy,ravdess
166,sad,ravdess
167,neutral,ravdess
168,sad,ravdess
169,surprised,ravdess
170,calm,ravdess
171,disgust,ravdess
172,happy,ravdess
173,happy,ravdess
174,calm,ravdess
175,angry,ravdess
176,fear,ravdess
177,neutral,ravdess
178,surprised,ravdess
179,sad,ravdess
180,angry,ravdess
181,fear,ravdess
182,calm,ravdess
183,disgust,ravdess
184,surprised,ravdess
185,sad,ravdess
186,disgust,ravdess
187,angry,ravdess
188,happy,ravdess
189,disgust,ravdess
190,disgust,ravdess
191,fear,ravdess
192,happy,ravdess
193,surprised,ravdess
194,calm,ravdess
195,surprised,ravdess
196,fear,ravdess
197,fear,ravdess
198,surprised,ravdess
199,sad,ravdess
200,happy,ravdess
201,disgust,ravdess
202,surprised,ravdess
203,fear,ravdess
204,happy,ravdess
205,fear,ravdess
206,neutral,ravdess
207,surprised,ravdess
208,disgust,ravdess
209,happy,ravdess
210,disgust,ravdess
211,happy,ravdess
212,angry,ravdess
213,calm,ravdess
214,calm,ravdess
215,surprised,ravdess
216,fear,ravdess
217,calm,ravdess
218,angry,ravdess
219,sad,ravdess
220,sad,ravdess
221,sad,ravdess
222,sad,ravdess
223,happy,ravdess
224,surprised,ravdess
225,neutral,ravdess
226,neutral,ravdess
227,neutral,ravdess
228,calm,ravdess
229,angry,ravdess
230,calm,ravdess
231,fear,ravdess
232,angry,ravdess
233,sad,ravdess
234,sad,ravdess
235,angry,ravdess
236,disgust,ravdess
237,happy,ravdess
238,angry,ravdess
239,calm,ravdess
240,sad,ravdess
241,fear,ravdess
242,neutral,ravdess
243,calm,ravdess
244,angry,ravdess
245,happy,ravdess
246,neutral,ravdess
247,sad,ravdess
248,disgust,ravdess
249,happy,ravdess
250,disgust,ravdess
251,surprised,ravdess
252,neutral,ravdess
253,neutral,ravdess
254,sad,ravdess
255,sad,ravdess
256,sad,ravdess
257,sad,ravdess
258,calm,ravdess
259,fear,ravdess
260,disgust,ravdess
261,fear,ravdess
262,surprised,ravdess
263,fear,ravdess
264,surprised,ravdess
265,disgust,ravdess
266,calm,ravdess
267,surprised,ravdess
268,calm,ravdess
269,angry,ravdess
270,angry,ravdess
271,angry,ravdess
272,calm,ravdess
273,happy,ravdess
274,fear,ravdess
275,happy,ravdess
276,surprised,ravdess
277,sad,ravdess
278,angry,ravdess
279,happy,ravdess
280,angry,ravdess
281,surprised,ravdess
282,happy,ravdess
283,calm,ravdess
284,happy,ravdess
285,disgust,ravdess
286,happy,ravdess
287,fear,ravdess
288,disgust,ravdess
289,surprised,ravdess
290,sad,ravdess
291,surprised,ravdess
292,calm,ravdess
293,angry,ravdess
294,fear,ravdess
295,fear,ravdess
296,angry,ravdess
297,disgust,ravdess
298,calm,ravdess
299,disgust,ravdess
300,disgust,ravdess
301,angry,ravdess
302,happy,ravdess
303,calm,ravdess
304,disgust,ravdess
305,disgust,ravdess
306,fear,ravdess
307,fear,ravdess
308,happy,ravdess
309,calm,ravdess
310,fear,ravdess
311,calm,ravdess
312,surprised,ravdess
313,sad,ravdess
314,calm,ravdess
315,neutral,ravdess
316,fear,ravdess
317,angry,ravdess
318,angry,ravdess
319,surprised,ravdess
320,fear,ravdess
321,neutral,ravdess
322,sad,ravdess
323,sad,ravdess
324,happy,ravdess
325,angry,ravdess
326,happy,ravdess
327,calm,ravdess
328,calm,ravdess
329,sad,ravdess
330,neutral,ravdess
331,fear,ravdess
332,disgust,ravdess
333,surprised,ravdess
334,surprised,ravdess
335,disgust,ravdess
336,happy,ravdess
337,surprised,ravdess
338,calm,ravdess
339,sad,ravdess
340,happy,ravdess
341,calm,ravdess
342,disgust,ravdess
343,sad,ravdess
344,sad,ravdess
345,fear,ravdess
346,sad,ravdess
347,happy,ravdess
348,disgust,ravdess
349,neutral,ravdess
350,fear,ravdess
351,angry,ravdess
352,surprised,ravdess
353,angry,ravdess
354,happy,ravdess
355,disgust,ravdess
356,angry,ravdess
357,surprised,ravdess
358,angry,ravdess
359,surprised,ravdess
360,surprised,ravdess
361,happy,ravdess
362,sad,ravdess
363,calm,ravdess
364,calm,ravdess
365,angry,ravdess
366,surprised,ravdess
367,disgust,ravdess
368,happy,ravdess
369,angry,ravdess
370,disgust,ravdess
371,calm,ravdess
372,happy,ravdess
373,neutral,ravdess
374,fear,ravdess
375,disgust,ravdess
376,sad,ravdess
377,angry,ravdess
378,calm,ravdess
379,fear,ravdess
380,sad,ravdess
381,surprised,ravdess
382,fear,ravdess
383,calm,ravdess
384,disgust,ravdess
385,angry,ravdess
386,angry,ravdess
387,happy,ravdess
388,sad,ravdess
389,surprised,ravdess
390,disgust,ravdess
391,surprised,ravdess
392,fear,ravdess
393,disgust,ravdess
394,neutral,ravdess
395,happy,ravdess
396,happy,ravdess
397,happy,ravdess
398,angry,ravdess
399,disgust,ravdess
400,sad,ravdess
401,angry,ravdess
402,angry,ravdess
403,happy,ravdess
404,surprised,ravdess
405,calm,ravdess
406,calm,ravdess
407,sad,ravdess
408,fear,ravdess
409,disgust,ravdess
410,surprised,ravdess
411,sad,ravdess
412,neutral,ravdess
413,fear,ravdess
414,surprised,ravdess
415,neutral,ravdess
416,fear,ravdess
417,sad,ravdess
418,calm,ravdess
419,fear,ravdess
420,happy,ravdess
421,neutral,ravdess
422,sad,ravdess
423,calm,ravdess
424,disgust,ravdess
425,sad,ravdess
426,surprised,ravdess
427,angry,ravdess
428,fear,ravdess
429,sad,ravdess
430,calm,ravdess
431,disgust,ravdess
432,calm,ravdess
433,disgust,ravdess
434,surprised,ravdess
435,fear,ravdess
436,happy,ravdess
437,happy,ravdess
438,surprised,ravdess
439,angry,ravdess
440,sad,ravdess
441,sad,ravdess
442,fear,ravdess
443,angry,ravdess
444,happy,ravdess
445,angry,ravdess
446,neutral,ravdess
447,sad,ravdess
448,neutral,ravdess
449,calm,ravdess
450,sad,ravdess
451,happy,ravdess
452,surprised,ravdess
453,disgust,ravdess
454,neutral,ravdess
455,disgust,ravdess
456,angry,ravdess
457,surprised,ravdess
458,disgust,ravdess
459,sad,ravdess
460,angry,ravdess
461,disgust,ravdess
462,calm,ravdess
463,happy,ravdess
464,happy,ravdess
465,surprised,ravdess
466,fear,ravdess
467,calm,ravdess
468,happy,ravdess
469,fear,ravdess
470,fear,ravdess
471,calm,ravdess
472,fear,ravdess
473,disgust,ravdess
474,angry,ravdess
475,calm,ravdess
476,angry,ravdess
477,surprised,ravdess
478,surprised,ravdess
479,fear,ravdess
480,happy,ravdess
481,angry,ravdess
482,neutral,ravdess
483,angry,ravdess
484,surprised,ravdess
485,sad,ravdess
486,sad,ravdess
487,happy,ravdess
488,calm,ravdess
489,surprised,ravdess
490,disgust,ravdess
491,fear,ravdess
492,sad,ravdess
493,fear,ravdess
494,angry,ravdess
495,disgust,ravdess
496,sad,ravdess
497,fear,ravdess
498,sad,ravdess
499,surprised,ravdess
500,happy,ravdess
501,calm,ravdess
502,fear,ravdess
503,angry,ravdess
504,angry,ravdess
505,happy,ravdess
506,surprised,ravdess
507,surprised,ravdess
508,calm,ravdess
509,neutral,ravdess
510,fear,ravdess
511,sad,ravdess
512,surprised,ravdess
513,happy,ravdess
514,fear,ravdess
515,angry,ravdess
516,happy,ravdess
517,calm,ravdess
518,surprised,ravdess
519,disgust,ravdess
520,neutral,ravdess
521,disgust,ravdess
522,disgust,ravdess
523,fear,ravdess
524,neutral,ravdess
525,calm,ravdess
526,calm,ravdess
527,sad,ravdess
528,calm,ravdess
529,surprised,ravdess
530,disgust,ravdess
531,fear,ravdess
532,happy,ravdess
533,angry,ravdess
534,disgust,ravdess
535,calm,ravdess
536,happy,ravdess
537,sad,ravdess
538,disgust,ravdess
539,angry,ravdess
540,fear,ravdess
541,fear,ravdess
542,happy,ravdess
543,neutral,ravdess
544,angry,ravdess
545,sad,ravdess
546,disgust,ravdess
547,fear,ravdess
548,surprised,ravdess
549,fear,ravdess
550,disgust,ravdess
551,calm,ravdess
552,neutral,ravdess
553,fear,ravdess
554,neutral,ravdess
555,sad,ravdess
556,happy,ravdess
557,sad,ravdess
558,angry,ravdess
559,happy,ravdess
560,angry,ravdess
561,disgust,ravdess
562,sad,ravdess
563,angry,ravdess
564,surprised,ravdess
565,happy,ravdess
566,sad,ravdess
567,angry,ravdess
568,calm,ravdess
569,disgust,ravdess
570,fear,ravdess
571,disgust,ravdess
572,sad,ravdess
573,happy,ravdess
574,fear,ravdess
575,surprised,ravdess
576,angry,ravdess
577,angry,ravdess
578,happy,ravdess
579,calm,ravdess
580,surprised,ravdess
581,happy,ravdess
582,calm,ravdess
583,calm,ravdess
584,surprised,ravdess
585,angry,ravdess
586,calm,ravdess
587,happy,ravdess
588,disgust,ravdess
589,surprised,ravdess
590,calm,ravdess
591,sad,ravdess
592,surprised,ravdess
593,disgust,ravdess
594,neutral,ravdess
595,sad,ravdess
596,disgust,ravdess
597,calm,ravdess
598,surprised,ravdess
599,fear,ravdess
600,surprised,ravdess
601,sad,ravdess
602,sad,ravdess
603,neutral,ravdess
604,surprised,ravdess
605,calm,ravdess
606,surprised,ravdess
607,happy,ravdess
608,calm,ravdess
609,angry,ravdess
610,calm,ravdess
611,disgust,ravdess
612,happy,ravdess
613,neutral,ravdess
614,fear,ravdess
615,disgust,ravdess
616,disgust,ravdess
617,angry,ravdess
618,sad,ravdess
619,surprised,ravdess
620,fear,ravdess
621,calm,ravdess
622,angry,ravdess
623,calm,ravdess
624,sad,ravdess
625,fear,ravdess
626,disgust,ravdess
627,fear,ravdess
628,disgust,ravdess
629,disgust,ravdess
630,sad,ravdess
631,angry,ravdess
632,fear,ravdess
633,surprised,ravdess
634,calm,ravdess
635,surprised,ravdess
636,angry,ravdess
637,surprised,ravdess
638,happy,ravdess
639,disgust,ravdess
640,happy,ravdess
641,fear,ravdess
642,neutral,ravdess
643,disgust,ravdess
644,happy,ravdess
645,happy,ravdess
646,fear,ravdess
647,neutral,ravdess
648,sad,ravdess
649,calm,ravdess
650,happy,ravdess
651,surprised,ravdess
652,angry,ravdess
653,angry,ravdess
654,sad,ravdess
655,sad,ravdess
656,happy,ravdess
657,angry,ravdess
658,fear,ravdess
659,calm,ravdess
660,disgust,ravdess
661,happy,ravdess
662,angry,ravdess
663,surprised,ravdess
664,calm,ravdess
665,sad,ravdess
666,calm,ravdess
667,fear,ravdess
668,angry,ravdess
669,surprised,ravdess
670,angry,ravdess
671,happy,ravdess
672,happy,ravdess
673,calm,ravdess
674,neutral,ravdess
675,happy,ravdess
676,fear,ravdess
677,neutral,ravdess
678,sad,ravdess
679,surprised,ravdess
680,sad,ravdess
681,happy,ravdess
682,disgust,ravdess
683,neutral,ravdess
684,fear,ravdess
685,angry,ravdess
686,disgust,ravdess
687,fear,ravdess
688,fear,ravdess
689,surprised,ravdess
690,sad,ravdess
691,neutral,ravdess
692,angry,ravdess
693,sad,ravdess
694,calm,ravdess
695,fear,ravdess
696,fear,ravdess
697,fear,ravdess
698,calm,ravdess
699,disgust,ravdess
700,surprised,ravdess
701,surprised,ravdess
702,disgust,ravdess
703,sad,ravdess
704,calm,ravdess
705,happy,ravdess
706,disgust,ravdess
707,angry,ravdess
708,sad,ravdess
709,angry,ravdess
710,happy,ravdess
711,disgust,ravdess
712,disgust,ravdess
713,calm,ravdess
714,happy,ravdess
715,surprised,ravdess
716,calm,ravdess
717,surprised,ravdess
718,angry,ravdess
719,sad,ravdess
720,disgust,ravdess
721,calm,ravdess
722,sad,ravdess
723,calm,ravdess
724,surprised,ravdess
725,neutral,ravdess
726,sad,ravdess
727,fear,ravdess
728,neutral,ravdess
729,happy,ravdess
730,happy,ravdess
731,happy,ravdess
732,angry,ravdess
733,fear,ravdess
734,angry,ravdess
735,angry,ravdess
736,calm,ravdess
737,disgust,ravdess
738,disgust,ravdess
739,calm,ravdess
740,fear,ravdess
741,surprised,ravdess
742,calm,ravdess
743,sad,ravdess
744,disgust,ravdess
745,surprised,ravdess
746,angry,ravdess
747,happy,ravdess
748,fear,ravdess
749,surprised,ravdess
750,surprised,ravdess
751,fear,ravdess
752,surprised,ravdess
753,sad,ravdess
754,fear,ravdess
755,sad,ravdess
756,neutral,ravdess
757,calm,ravdess
758,angry,ravdess
759,angry,ravdess
760,disgust,ravdess
761,angry,ravdess
762,happy,ravdess
763,disgust,ravdess
764,disgust,ravdess
765,happy,ravdess
766,calm,ravdess
767,sad,ravdess
768,fear,ravdess
769,happy,ravdess
770,sad,ravdess
771,angry,ravdess
772,calm,ravdess
773,disgust,ravdess
774,surprised,ravdess
775,neutral,ravdess
776,surprised,ravdess
777,sad,ravdess
778,fear,ravdess
779,happy,ravdess
780,fear,ravdess
781,disgust,ravdess
782,sad,ravdess
783,happy,ravdess
784,fear,ravdess
785,neutral,ravdess
786,sad,ravdess
787,sad,ravdess
788,calm,ravdess
789,fear,ravdess
790,fear,ravdess
791,sad,ravdess
792,sad,ravdess
793,angry,ravdess
794,calm,ravdess
795,sad,ravdess
796,surprised,ravdess
797,fear,ravdess
798,fear,ravdess
799,surprised,ravdess
800,surprised,ravdess
801,calm,ravdess
802,disgust,ravdess
803,angry,ravdess
804,angry,ravdess
805,surprised,ravdess
806,calm,ravdess
807,fear,ravdess
808,happy,ravdess
809,angry,ravdess
810,disgust,ravdess
811,angry,ravdess
812,happy,ravdess
813,disgust,ravdess
814,surprised,ravdess
815,surprised,ravdess
816,surprised,ravdess
817,disgust,ravdess
818,neutral,ravdess
819,surprised,ravdess
820,happy,ravdess
821,neutral,ravdess
822,angry,ravdess
823,neutral,ravdess
824,sad,ravdess
825,disgust,ravdess
826,calm,ravdess
827,disgust,ravdess
828,angry,ravdess
829,happy,ravdess
830,sad,ravdess
831,calm,ravdess
832,calm,ravdess
833,angry,ravdess
834,happy,ravdess
835,happy,ravdess
836,happy,ravdess
837,calm,ravdess
838,disgust,ravdess
839,fear,ravdess
840,neutral,ravdess
841,happy,ravdess
842,surprised,ravdess
843,sad,ravdess
844,surprised,ravdess
845,sad,ravdess
846,angry,ravdess
847,calm,ravdess
848,disgust,ravdess
849,disgust,ravdess
850,disgust,ravdess
851,fear,ravdess
852,surprised,ravdess
853,sad,ravdess
854,angry,ravdess
855,calm,ravdess
856,happy,ravdess
857,disgust,ravdess
858,fear,ravdess
859,happy,ravdess
860,calm,ravdess
861,sad,ravdess
862,disgust,ravdess
863,neutral,ravdess
864,sad,ravdess
865,disgust,ravdess
866,sad,ravdess
867,fear,ravdess
868,fear,ravdess
869,angry,ravdess
870,disgust,ravdess
871,angry,ravdess
872,happy,ravdess
873,sad,ravdess
874,disgust,ravdess
875,surprised,ravdess
876,calm,ravdess
877,neutral,ravdess
878,angry,ravdess
879,surprised,ravdess
880,fear,ravdess
881,happy,ravdess
882,calm,ravdess
883,fear,ravdess
884,surprised,ravdess
885,happy,ravdess
886,angry,ravdess
887,calm,ravdess
888,fear,ravdess
889,angry,ravdess
890,neutral,ravdess
891,calm,ravdess
892,happy,ravdess
893,calm,ravdess
894,happy,ravdess
895,surprised,ravdess
896,fear,ravdess
897,sad,ravdess
898,angry,ravdess
899,surprised,ravdess
900,sad,ravdess
901,disgust,ravdess
902,happy,ravdess
903,neutral,ravdess
904,happy,ravdess
905,fear,ravdess
906,calm,ravdess
907,disgust,ravdess
908,sad,ravdess
909,fear,ravdess
910,angry,ravdess
911,fear,ravdess
912,disgust,ravdess
913,calm,ravdess
914,happy,ravdess
915,calm,ravdess
916,fear,ravdess
917,neutral,ravdess
918,fear,ravdess
919,sad,ravdess
920,happy,ravdess
921,surprised,ravdess
922,sad,ravdess
923,happy,ravdess
924,neutral,ravdess
925,surprised,ravdess
926,surprised,ravdess
927,disgust,ravdess
928,angry,ravdess
929,angry,ravdess
930,happy,ravdess
931,disgust,ravdess
932,calm,ravdess
933,surprised,ravdess
934,neutral,ravdess
935,disgust,ravdess
936,calm,ravdess
937,sad,ravdess
938,surprised,ravdess
939,happy,ravdess
940,surprised,ravdess
941,sad,ravdess
942,fear,ravdess
943,calm,ravdess
944,calm,ravdess
945,disgust,ravdess
946,surprised,ravdess
947,fear,ravdess
948,happy,ravdess
949,surprised,ravdess
950,angry,ravdess
951,angry,ravdess
952,disgust,ravdess
953,angry,ravdess
954,fear,ravdess
955,sad,ravdess
956,calm,ravdess
957,angry,ravdess
958,sad,ravdess
959,angry,ravdess
960,disgust,ravdess
961,surprised,ravdess
962,surprised,ravdess
963,angry,ravdess
964,happy,ravdess
965,disgust,ravdess
966,disgust,ravdess
967,happy,ravdess
968,angry,ravdess
969,sad,ravdess
970,surprised,ravdess
971,disgust,ravdess
972,happy,ravdess
973,calm,ravdess
974,disgust,ravdess
975,sad,ravdess
976,happy,ravdess
977,neutral,ravdess
978,angry,ravdess
979,neutral,ravdess
980,calm,ravdess
981,happy,ravdess
982,sad,ravdess
983,surprised,ravdess
984,fear,ravdess
985,calm,ravdess
986,surprised,ravdess
987,fear,ravdess
988,disgust,ravdess
989,calm,ravdess
990,fear,ravdess
991,happy,ravdess
992,calm,ravdess
993,fear,ravdess
994,fear,ravdess
995,disgust,ravdess
996,angry,ravdess
997,surprised,ravdess
998,calm,ravdess
999,happy,ravdess
1000,calm,ravdess
1001,sad,ravdess
1002,disgust,ravdess
1003,happy,ravdess
1004,surprised,ravdess
1005,sad,ravdess
1006,fear,ravdess
1007,angry,ravdess
1008,neutral,ravdess
1009,surprised,ravdess
1010,angry,ravdess
1011,fear,ravdess
1012,angry,ravdess
1013,calm,ravdess
1014,sad,ravdess
1015,sad,ravdess
1016,fear,ravdess
1017,sad,ravdess
1018,angry,ravdess
1019,neutral,ravdess
1020,sad,ravdess
1021,angry,ravdess
1022,disgust,ravdess
1023,fear,ravdess
1024,fear,ravdess
1025,sad,ravdess
1026,surprised,ravdess
1027,angry,ravdess
1028,calm,ravdess
1029,calm,ravdess
1030,happy,ravdess
1031,neutral,ravdess
1032,surprised,ravdess
1033,disgust,ravdess
1034,sad,ravdess
1035,sad,ravdess
1036,sad,ravdess
1037,neutral,ravdess
1038,happy,ravdess
1039,surprised,ravdess
1040,disgust,ravdess
1041,fear,ravdess
1042,disgust,ravdess
1043,angry,ravdess
1044,fear,ravdess
1045,sad,ravdess
1046,surprised,ravdess
1047,happy,ravdess
1048,happy,ravdess
1049,surprised,ravdess
1050,sad,ravdess
1051,angry,ravdess
1052,neutral,ravdess
1053,fear,ravdess
1054,calm,ravdess
1055,calm,ravdess
1056,calm,ravdess
1057,disgust,ravdess
1058,disgust,ravdess
1059,fear,ravdess
1060,happy,ravdess
1061,happy,ravdess
1062,happy,ravdess
1063,calm,ravdess
1064,surprised,ravdess
1065,disgust,ravdess
1066,surprised,ravdess
1067,angry,ravdess
1068,disgust,ravdess
1069,happy,ravdess
1070,angry,ravdess
1071,fear,ravdess
1072,fear,ravdess
1073,angry,ravdess
1074,surprised,ravdess
1075,angry,ravdess
1076,calm,ravdess
1077,sad,ravdess
1078,neutral,ravdess
1079,calm,ravdess
1080,sad,ravdess
1081,disgust,ravdess
1082,surprised,ravdess
1083,disgust,ravdess
1084,sad,ravdess
1085,fear,ravdess
1086,angry,ravdess
1087,surprised,ravdess
1088,calm,ravdess
1089,surprised,ravdess
1090,neutral,ravdess
1091,happy,ravdess
1092,disgust,ravdess
1093,surprised,ravdess
1094,angry,ravdess
1095,angry,ravdess
1096,surprised,ravdess
1097,neutral,ravdess
1098,calm,ravdess
1099,disgust,ravdess
1100,sad,ravdess
1101,happy,ravdess
1102,fear,ravdess
1103,calm,ravdess
1104,fear,ravdess
1105,angry,ravdess
1106,neutral,ravdess
1107,happy,ravdess
1108,fear,ravdess
1109,calm,ravdess
1110,calm,ravdess
1111,calm,ravdess
1112,sad,ravdess
1113,happy,ravdess
1114,disgust,ravdess
1115,angry,ravdess
1116,neutral,ravdess
1117,sad,ravdess
1118,angry,ravdess
1119,angry,ravdess
1120,disgust,ravdess
1121,angry,ravdess
1122,fear,ravdess
1123,surprised,ravdess
1124,surprised,ravdess
1125,surprised,ravdess
1126,happy,ravdess
1127,fear,ravdess
1128,sad,ravdess
1129,calm,ravdess
1130,sad,ravdess
1131,happy,ravdess
1132,happy,ravdess
1133,calm,ravdess
1134,disgust,ravdess
1135,fear,ravdess
1136,sad,ravdess
1137,fear,ravdess
1138,happy,ravdess
1139,disgust,ravdess
1140,disgust,ravdess
1141,disgust,ravdess
1142,disgust,ravdess
1143,angry,ravdess
1144,surprised,ravdess
1145,surprised,ravdess
1146,fear,ravdess
1147,calm,ravdess
1148,happy,ravdess
1149,angry,ravdess
1150,happy,ravdess
1151,calm,ravdess
1152,neutral,ravdess
1153,sad,ravdess
1154,fear,ravdess
1155,disgust,ravdess
1156,fear,ravdess
1157,angry,ravdess
1158,surprised,ravdess
1159,angry,ravdess
1160,surprised,ravdess
1161,disgust,ravdess
1162,sad,ravdess
1163,calm,ravdess
1164,calm,ravdess
1165,disgust,ravdess
1166,neutral,ravdess
1167,surprised,ravdess
1168,sad,ravdess
1169,fear,ravdess
1170,fear,ravdess
1171,sad,ravdess
1172,happy,ravdess
1173,happy,ravdess
1174,disgust,ravdess
1175,angry,ravdess
1176,angry,ravdess
1177,angry,ravdess
1178,happy,ravdess
1179,neutral,ravdess
1180,surprised,ravdess
1181,angry,ravdess
1182,surprised,ravdess
1183,calm,ravdess
1184,sad,ravdess
1185,fear,ravdess
1186,calm,ravdess
1187,sad,ravdess
1188,sad,ravdess
1189,happy,ravdess
1190,fear,ravdess
1191,sad,ravdess
1192,calm,ravdess
1193,surprised,ravdess
1194,fear,ravdess
1195,neutral,ravdess
1196,happy,ravdess
1197,calm,ravdess
1198,happy,ravdess
1199,disgust,ravdess
1200,sad,ravdess
1201,neutral,ravdess
1202,surprised,ravdess
1203,neutral,ravdess
1204,happy,ravdess
1205,happy,ravdess
1206,happy,ravdess
1207,angry,ravdess
1208,disgust,ravdess
1209,fear,ravdess
1210,surprised,ravdess
1211,calm,ravdess
1212,disgust,ravdess
1213,angry,ravdess
1214,fear,ravdess
1215,sad,ravdess
1216,disgust,ravdess
1217,surprised,ravdess
1218,calm,ravdess
1219,angry,ravdess
1220,sad,ravdess
1221,happy,ravdess
1222,sad,ravdess
1223,neutral,ravdess
1224,happy,ravdess
1225,fear,ravdess
1226,calm,ravdess
1227,surprised,ravdess
1228,disgust,ravdess
1229,calm,ravdess
1230,happy,ravdess
1231,sad,ravdess
1232,angry,ravdess
1233,fear,ravdess
1234,surprised,ravdess
1235,sad,ravdess
1236,angry,ravdess
1237,calm,ravdess
1238,angry,ravdess
1239,calm,ravdess
1240,fear,ravdess
1241,fear,ravdess
1242,calm,ravdess
1243,neutral,ravdess
1244,sad,ravdess
1245,angry,ravdess
1246,fear,ravdess
1247,surprised,ravdess
1248,disgust,ravdess
1249,surprised,ravdess
1250,disgust,ravdess
1251,sad,ravdess
1252,disgust,ravdess
1253,fear,ravdess
1254,happy,ravdess
1255,calm,ravdess
1256,surprised,ravdess
1257,disgust,ravdess
1258,happy,ravdess
1259,angry,ravdess
1260,sad,ravdess
1261,fear,ravdess
1262,calm,ravdess
1263,calm,ravdess
1264,happy,ravdess
1265,fear,ravdess
1266,angry,ravdess
1267,surprised,ravdess
1268,angry,ravdess
1269,happy,ravdess
1270,sad,ravdess
1271,angry,ravdess
1272,sad,ravdess
1273,sad,ravdess
1274,happy,ravdess
1275,angry,ravdess
1276,angry,ravdess
1277,calm,ravdess
1278,calm,ravdess
1279,happy,ravdess
1280,fear,ravdess
1281,happy,ravdess
1282,fear,ravdess
1283,calm,ravdess
1284,surprised,ravdess
1285,happy,ravdess
1286,surprised,ravdess
1287,disgust,ravdess
1288,calm,ravdess
1289,neutral,ravdess
1290,fear,ravdess
1291,sad,ravdess
1292,sad,ravdess
1293,disgust,ravdess
1294,disgust,ravdess
1295,disgust,ravdess
1296,surprised,ravdess
1297,sad,ravdess
1298,surprised,ravdess
1299,disgust,ravdess
1300,happy,ravdess
1301,neutral,ravdess
1302,surprised,ravdess
1303,calm,ravdess
1304,sad,ravdess
1305,neutral,ravdess
1306,angry,ravdess
1307,disgust,ravdess
1308,fear,ravdess
1309,happy,ravdess
1310,disgust,ravdess
1311,surprised,ravdess
1312,disgust,ravdess
1313,fear,ravdess
1314,fear,ravdess
1315,neutral,ravdess
1316,calm,ravdess
1317,angry,ravdess
1318,angry,ravdess
1319,surprised,ravdess
1320,neutral,ravdess
1321,disgust,ravdess
1322,sad,ravdess
1323,fear,ravdess
1324,disgust,ravdess
1325,disgust,ravdess
1326,sad,ravdess
1327,happy,ravdess
1328,surprised,ravdess
1329,disgust,ravdess
1330,angry,ravdess
1331,surprised,ravdess
1332,surprised,ravdess
1333,happy,ravdess
1334,angry,ravdess
1335,calm,ravdess
1336,calm,ravdess
1337,happy,ravdess
1338,calm,ravdess
1339,fear,ravdess
1340,happy,ravdess
1341,surprised,ravdess
1342,sad,ravdess
1343,sad,ravdess
1344,fear,ravdess
1345,neutral,ravdess
1346,happy,ravdess
1347,calm,ravdess
1348,calm,ravdess
1349,happy,ravdess
1350,happy,ravdess
1351,disgust,ravdess
1352,angry,ravdess
1353,fear,ravdess
1354,sad,ravdess
1355,sad,ravdess
1356,angry,ravdess
1357,surprised,ravdess
1358,happy,ravdess
1359,fear,ravdess
1360,angry,ravdess
1361,surprised,ravdess
1362,calm,ravdess
1363,calm,ravdess
1364,disgust,ravdess
1365,surprised,ravdess
1366,surprised,ravdess
1367,fear,ravdess
1368,neutral,ravdess
1369,neutral,ravdess
1370,disgust,ravdess
1371,angry,ravdess
1372,angry,ravdess
1373,disgust,ravdess
1374,angry,ravdess
1375,fear,ravdess
1376,fear,ravdess
1377,sad,ravdess
1378,sad,ravdess
1379,calm,ravdess
1380,sad,ravdess
1381,angry,ravdess
1382,surprised,ravdess
1383,fear,ravdess
1384,angry,ravdess
1385,surprised,ravdess
1386,calm,ravdess
1387,calm,ravdess
1388,sad,ravdess
1389,fear,ravdess
1390,sad,ravdess
1391,disgust,ravdess
1392,sad,ravdess
1393,neutral,ravdess
1394,happy,ravdess
1395,surprised,ravdess
1396,disgust,ravdess
1397,calm,ravdess
1398,calm,ravdess
1399,surprised,ravdess
1400,happy,ravdess
1401,calm,ravdess
1402,surprised,ravdess
1403,neutral,ravdess
1404,fear,ravdess
1405,fear,ravdess
1406,surprised,ravdess
1407,angry,ravdess
1408,calm,ravdess
1409,fear,ravdess
1410,angry,ravdess
1411,happy,ravdess
1412,calm,ravdess
1413,happy,ravdess
1414,calm,ravdess
1415,disgust,ravdess
1416,neutral,ravdess
1417,sad,ravdess
1418,angry,ravdess
1419,happy,ravdess
1420,disgust,ravdess
1421,fear,ravdess
1422,happy,ravdess
1423,angry,ravdess
1424,angry,ravdess
1425,sad,ravdess
1426,angry,ravdess
1427,fear,ravdess
1428,disgust,ravdess
1429,sad,ravdess
1430,disgust,ravdess
1431,happy,ravdess
1432,sad,ravdess
1433,surprised,ravdess
1434,neutral,ravdess
1435,happy,ravdess
1436,surprised,ravdess
1437,fear,ravdess
1438,disgust,ravdess
1439,disgust,ravdess
1440,sad,tess
1441,sad,tess
1442,sad,tess
1443,sad,tess
1444,sad,tess
1445,sad,tess
1446,sad,tess
1447,sad,tess
1448,sad,tess
1449,sad,tess
1450,sad,tess
1451,sad,tess
1452,sad,tess
1453,sad,tess
1454,sad,tess
1455,sad,tess
1456,sad,tess
1457,sad,tess
1458,sad,tess
1459,sad,tess
1460,sad,tess
1461,sad,tess
1462,sad,tess
1463,sad,tess
1464,sad,tess
1465,sad,tess
1466,sad,tess
1467,sad,tess
1468,sad,tess
1469,sad,tess
1470,sad,tess
1471,sad,tess
1472,sad,tess
1473,sad,tess
1474,sad,tess
1475,sad,tess
1476,sad,tess
1477,sad,tess
1478,sad,tess
1479,sad,tess
1480,sad,tess
1481,sad,tess
1482,sad,tess
1483,sad,tess
1484,sad,tess
1485,sad,tess
1486,sad,tess
1487,sad,tess
1488,sad,tess
1489,sad,tess
1490,sad,tess
1491,sad,tess
1492,sad,tess
1493,sad,tess
1494,sad,tess
1495,sad,tess
1496,sad,tess
1497,sad,tess
1498,sad,tess
1499,sad,tess
1500,sad,tess
1501,sad,tess
1502,sad,tess
1503,sad,tess
1504,sad,tess
1505,sad,tess
1506,sad,tess
1507,sad,tess
1508,sad,tess
1509,sad,tess
1510,sad,tess
1511,sad,tess
1512,sad,tess
1513,sad,tess
1514,sad,tess
1515,sad,tess
1516,sad,tess
1517,sad,tess
1518,sad,tess
1519,sad,tess
1520,sad,tess
1521,sad,tess
1522,sad,tess
1523,sad,tess
1524,sad,tess
1525,sad,tess
1526,sad,tess
1527,sad,tess
1528,sad,tess
1529,sad,tess
1530,sad,tess
1531,sad,tess
1532,sad,tess
1533,sad,tess
1534,sad,tess
1535,sad,tess
1536,sad,tess
1537,sad,tess
1538,sad,tess
1539,sad,tess
1540,sad,tess
1541,sad,tess
1542,sad,tess
1543,sad,tess
1544,sad,tess
1545,sad,tess
1546,sad,tess
1547,sad,tess
1548,sad,tess
1549,sad,tess
1550,sad,tess
1551,sad,tess
1552,sad,tess
1553,sad,tess
1554,sad,tess
1555,sad,tess
1556,sad,tess
1557,sad,tess
1558,sad,tess
1559,sad,tess
1560,sad,tess
1561,sad,tess
1562,sad,tess
1563,sad,tess
1564,sad,tess
1565,sad,tess
1566,sad,tess
1567,sad,tess
1568,sad,tess
1569,sad,tess
1570,sad,tess
1571,sad,tess
1572,sad,tess
1573,sad,tess
1574,sad,tess
1575,sad,tess
1576,sad,tess
1577,sad,tess
1578,sad,tess
1579,sad,tess
1580,sad,tess
1581,sad,tess
1582,sad,tess
1583,sad,tess
1584,sad,tess
1585,sad,tess
1586,sad,tess
1587,sad,tess
1588,sad,tess
1589,sad,tess
1590,sad,tess
1591,sad,tess
1592,sad,tess
1593,sad,tess
1594,sad,tess
1595,sad,tess
1596,sad,tess
1597,sad,tess
1598,sad,tess
1599,sad,tess
1600,sad,tess
1601,sad,tess
1602,sad,tess
1603,sad,tess
1604,sad,tess
1605,sad,tess
1606,sad,tess
1607,sad,tess
1608,sad,tess
1609,sad,tess
1610,sad,tess
1611,sad,tess
1612,sad,tess
1613,sad,tess
1614,sad,tess
1615,sad,tess
1616,sad,tess
1617,sad,tess
1618,sad,tess
1619,sad,tess
1620,sad,tess
1621,sad,tess
1622,sad,tess
1623,sad,tess
1624,sad,tess
1625,sad,tess
1626,sad,tess
1627,sad,tess
1628,sad,tess
1629,sad,tess
1630,sad,tess
1631,sad,tess
1632,sad,tess
1633,sad,tess
1634,sad,tess
1635,sad,tess
1636,sad,tess
1637,sad,tess
1638,sad,tess
1639,sad,tess
1640,happy,tess
1641,happy,tess
1642,happy,tess
1643,happy,tess
1644,happy,tess
1645,happy,tess
1646,happy,tess
1647,happy,tess
1648,happy,tess
1649,happy,tess
1650,happy,tess
1651,happy,tess
1652,happy,tess
1653,happy,tess
1654,happy,tess
1655,happy,tess
1656,happy,tess
1657,happy,tess
1658,happy,tess
1659,happy,tess
1660,happy,tess
1661,happy,tess
1662,happy,tess
1663,happy,tess
1664,happy,tess
1665,happy,tess
1666,happy,tess
1667,happy,tess
1668,happy,tess
1669,happy,tess
1670,happy,tess
1671,happy,tess
1672,happy,tess
1673,happy,tess
1674,happy,tess
1675,happy,tess
1676,happy,tess
1677,happy,tess
1678,happy,tess
1679,happy,tess
1680,happy,tess
1681,happy,tess
1682,happy,tess
1683,happy,tess
1684,happy,tess
1685,happy,tess
1686,happy,tess
1687,happy,tess
1688,happy,tess
1689,happy,tess
1690,happy,tess
1691,happy,tess
1692,happy,tess
1693,happy,tess
1694,happy,tess
1695,happy,tess
1696,happy,tess
1697,happy,tess
1698,happy,tess
1699,happy,tess
1700,happy,tess
1701,happy,tess
1702,happy,tess
1703,happy,tess
1704,happy,tess
1705,happy,tess
1706,happy,tess
1707,happy,tess
1708,happy,tess
1709,happy,tess
1710,happy,tess
1711,happy,tess
1712,happy,tess
1713,happy,tess
1714,happy,tess
1715,happy,tess
1716,happy,tess
1717,happy,tess
1718,happy,tess
1719,happy,tess
1720,happy,tess
1721,happy,tess
1722,happy,tess
1723,happy,tess
1724,happy,tess
1725,happy,tess
1726,happy,tess
1727,happy,tess
1728,happy,tess
1729,happy,tess
1730,happy,tess
1731,happy,tess
1732,happy,tess
1733,happy,tess
1734,happy,tess
1735,happy,tess
1736,happy,tess
1737,happy,tess
1738,happy,tess
1739,happy,tess
1740,happy,tess
1741,happy,tess
1742,happy,tess
1743,happy,tess
1744,happy,tess
1745,happy,tess
1746,happy,tess
1747,happy,tess
1748,happy,tess
1749,happy,tess
1750,happy,tess
1751,happy,tess
1752,happy,tess
1753,happy,tess
1754,happy,tess
1755,happy,tess
1756,happy,tess
1757,happy,tess
1758,happy,tess
1759,happy,tess
1760,happy,tess
1761,happy,tess
1762,happy,tess
1763,happy,tess
1764,happy,tess
1765,happy,tess
1766,happy,tess
1767,happy,tess
1768,happy,tess
1769,happy,tess
1770,happy,tess
1771,happy,tess
1772,happy,tess
1773,happy,tess
1774,happy,tess
1775,happy,tess
1776,happy,tess
1777,happy,tess
1778,happy,tess
1779,happy,tess
1780,happy,tess
1781,happy,tess
1782,happy,tess
1783,happy,tess
1784,happy,tess
1785,happy,tess
1786,happy,tess
1787,happy,tess
1788,happy,tess
1789,happy,tess
1790,happy,tess
1791,happy,tess
1792,happy,tess
1793,happy,tess
1794,happy,tess
1795,happy,tess
1796,happy,tess
1797,happy,tess
1798,happy,tess
1799,happy,tess
1800,happy,tess
1801,happy,tess
1802,happy,tess
1803,happy,tess
1804,happy,tess
1805,happy,tess
1806,happy,tess
1807,happy,tess
1808,happy,tess
1809,happy,tess
1810,happy,tess
1811,happy,tess
1812,happy,tess
1813,happy,tess
1814,happy,tess
1815,happy,tess
1816,happy,tess
1817,happy,tess
1818,happy,tess
1819,happy,tess
1820,happy,tess
1821,happy,tess
1822,happy,tess
1823,happy,tess
1824,happy,tess
1825,happy,tess
1826,happy,tess
1827,happy,tess
1828,happy,tess
1829,happy,tess
1830,happy,tess
1831,happy,tess
1832,happy,tess
1833,happy,tess
1834,happy,tess
1835,happy,tess
1836,happy,tess
1837,happy,tess
1838,happy,tess
1839,happy,tess
1840,angry,tess
1841,angry,tess
1842,angry,tess
1843,angry,tess
1844,angry,tess
1845,angry,tess
1846,angry,tess
1847,angry,tess
1848,angry,tess
1849,angry,tess
1850,angry,tess
1851,angry,tess
1852,angry,tess
1853,angry,tess
1854,angry,tess
1855,angry,tess
1856,angry,tess
1857,angry,tess
1858,angry,tess
1859,angry,tess
1860,angry,tess
1861,angry,tess
1862,angry,tess
1863,angry,tess
1864,angry,tess
1865,angry,tess
1866,angry,tess
1867,angry,tess
1868,angry,tess
1869,angry,tess
1870,angry,tess
1871,angry,tess
1872,angry,tess
1873,angry,tess
1874,angry,tess
1875,angry,tess
1876,angry,tess
1877,angry,tess
1878,angry,tess
1879,angry,tess
1880,angry,tess
1881,angry,tess
1882,angry,tess
1883,angry,tess
1884,angry,tess
1885,angry,tess
1886,angry,tess
1887,angry,tess
1888,angry,tess
1889,angry,tess
1890,angry,tess
1891,angry,tess
1892,angry,tess
1893,angry,tess
1894,angry,tess
1895,angry,tess
1896,angry,tess
1897,angry,tess
1898,angry,tess
1899,angry,tess
1900,angry,tess
1901,angry,tess
1902,angry,tess
1903,angry,tess
1904,angry,tess
1905,angry,tess
1906,angry,tess
1907,angry,tess
1908,angry,tess
1909,angry,tess
1910,angry,tess
1911,angry,tess
1912,angry,tess
1913,angry,tess
1914,angry,tess
1915,angry,tess
1916,angry,tess
1917,angry,tess
1918,angry,tess
1919,angry,tess
1920,angry,tess
1921,angry,tess
1922,angry,tess
1923,angry,tess
1924,angry,tess
1925,angry,tess
1926,angry,tess
1927,angry,tess
1928,angry,tess
1929,angry,tess
1930,angry,tess
1931,angry,tess
1932,angry,tess
1933,angry,tess
1934,angry,tess
1935,angry,tess
1936,angry,tess
1937,angry,tess
1938,angry,tess
1939,angry,tess
1940,angry,tess
1941,angry,tess
1942,angry,tess
1943,angry,tess
1944,angry,tess
1945,angry,tess
1946,angry,tess
1947,angry,tess
1948,angry,tess
1949,angry,tess
1950,angry,tess
1951,angry,tess
1952,angry,tess
1953,angry,tess
1954,angry,tess
1955,angry,tess
1956,angry,tess
1957,angry,tess
1958,angry,tess
1959,angry,tess
1960,angry,tess
1961,angry,tess
1962,angry,tess
1963,angry,tess
1964,angry,tess
1965,angry,tess
1966,angry,tess
1967,angry,tess
1968,angry,tess
1969,angry,tess
1970,angry,tess
1971,angry,tess
1972,angry,tess
1973,angry,tess
1974,angry,tess
1975,angry,tess
1976,angry,tess
1977,angry,tess
1978,angry,tess
1979,angry,tess
1980,angry,tess
1981,angry,tess
1982,angry,tess
1983,angry,tess
1984,angry,tess
1985,angry,tess
1986,angry,tess
1987,angry,tess
1988,angry,tess
1989,angry,tess
1990,angry,tess
1991,angry,tess
1992,angry,tess
1993,angry,tess
1994,angry,tess
1995,angry,tess
1996,angry,tess
1997,angry,tess
1998,angry,tess
1999,angry,tess
2000,angry,tess
2001,angry,tess
2002,angry,tess
2003,angry,tess
2004,angry,tess
2005,angry,tess
2006,angry,tess
2007,angry,tess
2008,angry,tess
2009,angry,tess
2010,angry,tess
2011,angry,tess
2012,angry,tess
2013,angry,tess
2014,angry,tess
2015,angry,tess
2016,angry,tess
2017,angry,tess
2018,angry,tess
2019,angry,tess
2020,angry,tess
2021,angry,tess
2022,angry,tess
2023,angry,tess
2024,angry,tess
2025,angry,tess
2026,angry,tess
2027,angry,tess
2028,angry,tess
2029,angry,tess
2030,angry,tess
2031,angry,tess
2032,angry,tess
2033,angry,tess
2034,angry,tess
2035,angry,tess
2036,angry,tess
2037,angry,tess
2038,angry,tess
2039,angry,tess
2040,happy,tess
2041,happy,tess
2042,happy,tess
2043,happy,tess
2044,happy,tess
2045,happy,tess
2046,happy,tess
2047,happy,tess
2048,happy,tess
2049,happy,tess
2050,happy,tess
2051,happy,tess
2052,happy,tess
2053,happy,tess
2054,happy,tess
2055,happy,tess
2056,happy,tess
2057,happy,tess
2058,happy,tess
2059,happy,tess
2060,happy,tess
2061,happy,tess
2062,happy,tess
2063,happy,tess
2064,happy,tess
2065,happy,tess
2066,happy,tess
2067,happy,tess
2068,happy,tess
2069,happy,tess
2070,happy,tess
2071,happy,tess
2072,happy,tess
2073,happy,tess
2074,happy,tess
2075,happy,tess
2076,happy,tess
2077,happy,tess
2078,happy,tess
2079,happy,tess
2080,happy,tess
2081,happy,tess
2082,happy,tess
2083,happy,tess
2084,happy,tess
2085,happy,tess
2086,happy,tess
2087,happy,tess
2088,happy,tess
2089,happy,tess
2090,happy,tess
2091,happy,tess
2092,happy,tess
2093,happy,tess
2094,happy,tess
2095,happy,tess
2096,happy,tess
2097,happy,tess
2098,happy,tess
2099,happy,tess
2100,happy,tess
2101,happy,tess
2102,happy,tess
2103,happy,tess
2104,happy,tess
2105,happy,tess
2106,happy,tess
2107,happy,tess
2108,happy,tess
2109,happy,tess
2110,happy,tess
2111,happy,tess
2112,happy,tess
2113,happy,tess
2114,happy,tess
2115,happy,tess
2116,happy,tess
2117,happy,tess
2118,happy,tess
2119,happy,tess
2120,happy,tess
2121,happy,tess
2122,happy,tess
2123,happy,tess
2124,happy,tess
2125,happy,tess
2126,happy,tess
2127,happy,tess
2128,happy,tess
2129,happy,tess
2130,happy,tess
2131,happy,tess
2132,happy,tess
2133,happy,tess
2134,happy,tess
2135,happy,tess
2136,happy,tess
2137,happy,tess
2138,happy,tess
2139,happy,tess
2140,happy,tess
2141,happy,tess
2142,happy,tess
2143,happy,tess
2144,happy,tess
2145,happy,tess
2146,happy,tess
2147,happy,tess
2148,happy,tess
2149,happy,tess
2150,happy,tess
2151,happy,tess
2152,happy,tess
2153,happy,tess
2154,happy,tess
2155,happy,tess
2156,happy,tess
2157,happy,tess
2158,happy,tess
2159,happy,tess
2160,happy,tess
2161,happy,tess
2162,happy,tess
2163,happy,tess
2164,happy,tess
2165,happy,tess
2166,happy,tess
2167,happy,tess
2168,happy,tess
2169,happy,tess
2170,happy,tess
2171,happy,tess
2172,happy,tess
2173,happy,tess
2174,happy,tess
2175,happy,tess
2176,happy,tess
2177,happy,tess
2178,happy,tess
2179,happy,tess
2180,happy,tess
2181,happy,tess
2182,happy,tess
2183,happy,tess
2184,happy,tess
2185,happy,tess
2186,happy,tess
2187,happy,tess
2188,happy,tess
2189,happy,tess
2190,happy,tess
2191,happy,tess
2192,happy,tess
2193,happy,tess
2194,happy,tess
2195,happy,tess
2196,happy,tess
2197,happy,tess
2198,happy,tess
2199,happy,tess
2200,happy,tess
2201,happy,tess
2202,happy,tess
2203,happy,tess
2204,happy,tess
2205,happy,tess
2206,happy,tess
2207,happy,tess
2208,happy,tess
2209,happy,tess
2210,happy,tess
2211,happy,tess
2212,happy,tess
2213,happy,tess
2214,happy,tess
2215,happy,tess
2216,happy,tess
2217,happy,tess
2218,happy,tess
2219,happy,tess
2220,happy,tess
2221,happy,tess
2222,happy,tess
2223,happy,tess
2224,happy,tess
2225,happy,tess
2226,happy,tess
2227,happy,tess
2228,happy,tess
2229,happy,tess
2230,happy,tess
2231,happy,tess
2232,happy,tess
2233,happy,tess
2234,happy,tess
2235,happy,tess
2236,happy,tess
2237,happy,tess
2238,happy,tess
2239,happy,tess
2240,angry,tess
2241,angry,tess
2242,angry,tess
2243,angry,tess
2244,angry,tess
2245,angry,tess
2246,angry,tess
2247,angry,tess
2248,angry,tess
2249,angry,tess
2250,angry,tess
2251,angry,tess
2252,angry,tess
2253,angry,tess
2254,angry,tess
2255,angry,tess
2256,angry,tess
2257,angry,tess
2258,angry,tess
2259,angry,tess
2260,angry,tess
2261,angry,tess
2262,angry,tess
2263,angry,tess
2264,angry,tess
2265,angry,tess
2266,angry,tess
2267,angry,tess
2268,angry,tess
2269,angry,tess
2270,angry,tess
2271,angry,tess
2272,angry,tess
2273,angry,tess
2274,angry,tess
2275,angry,tess
2276,angry,tess
2277,angry,tess
2278,angry,tess
2279,angry,tess
2280,angry,tess
2281,angry,tess
2282,angry,tess
2283,angry,tess
2284,angry,tess
2285,angry,tess
2286,angry,tess
2287,angry,tess
2288,angry,tess
2289,angry,tess
2290,angry,tess
2291,angry,tess
2292,angry,tess
2293,angry,tess
2294,angry,tess
2295,angry,tess
2296,angry,tess
2297,angry,tess
2298,angry,tess
2299,angry,tess
2300,angry,tess
2301,angry,tess
2302,angry,tess
2303,angry,tess
2304,angry,tess
2305,angry,tess
2306,angry,tess
2307,angry,tess
2308,angry,tess
2309,angry,tess
2310,angry,tess
2311,angry,tess
2312,angry,tess
2313,angry,tess
2314,angry,tess
2315,angry,tess
2316,angry,tess
2317,angry,tess
2318,angry,tess
2319,angry,tess
2320,angry,tess
2321,angry,tess
2322,angry,tess
2323,angry,tess
2324,angry,tess
2325,angry,tess
2326,angry,tess
2327,angry,tess
2328,angry,tess
2329,angry,tess
2330,angry,tess
2331,angry,tess
2332,angry,tess
2333,angry,tess
2334,angry,tess
2335,angry,tess
2336,angry,tess
2337,angry,tess
2338,angry,tess
2339,angry,tess
2340,angry,tess
2341,angry,tess
2342,angry,tess
2343,angry,tess
2344,angry,tess
2345,angry,tess
2346,angry,tess
2347,angry,tess
2348,angry,tess
2349,angry,tess
2350,angry,tess
2351,angry,tess
2352,angry,tess
2353,angry,tess
2354,angry,tess
2355,angry,tess
2356,angry,tess
2357,angry,tess
2358,angry,tess
2359,angry,tess
2360,angry,tess
2361,angry,tess
2362,angry,tess
2363,angry,tess
2364,angry,tess
2365,angry,tess
2366,angry,tess
2367,angry,tess
2368,angry,tess
2369,angry,tess
2370,angry,tess
2371,angry,tess
2372,angry,tess
2373,angry,tess
2374,angry,tess
2375,angry,tess
2376,angry,tess
2377,angry,tess
2378,angry,tess
2379,angry,tess
2380,angry,tess
2381,angry,tess
2382,angry,tess
2383,angry,tess
2384,angry,tess
2385,angry,tess
2386,angry,tess
2387,angry,tess
2388,angry,tess
2389,angry,tess
2390,angry,tess
2391,angry,tess
2392,angry,tess
2393,angry,tess
2394,angry,tess
2395,angry,tess
2396,angry,tess
2397,angry,tess
2398,angry,tess
2399,angry,tess
2400,angry,tess
2401,angry,tess
2402,angry,tess
2403,angry,tess
2404,angry,tess
2405,angry,tess
2406,angry,tess
2407,angry,tess
2408,angry,tess
2409,angry,tess
2410,angry,tess
2411,angry,tess
2412,angry,tess
2413,angry,tess
2414,angry,tess
2415,angry,tess
2416,angry,tess
2417,angry,tess
2418,angry,tess
2419,angry,tess
2420,angry,tess
2421,angry,tess
2422,angry,tess
2423,angry,tess
2424,angry,tess
2425,angry,tess
2426,angry,tess
2427,angry,tess
2428,angry,tess
2429,angry,tess
2430,angry,tess
2431,angry,tess
2432,angry,tess
2433,angry,tess
2434,angry,tess
2435,angry,tess
2436,angry,tess
2437,angry,tess
2438,angry,tess
2439,angry,tess
2440,fear,tess
2441,fear,tess
2442,fear,tess
2443,fear,tess
2444,fear,tess
2445,fear,tess
2446,fear,tess
2447,fear,tess
2448,fear,tess
2449,fear,tess
2450,fear,tess
2451,fear,tess
2452,fear,tess
2453,fear,tess
2454,fear,tess
2455,fear,tess
2456,fear,tess
2457,fear,tess
2458,fear,tess
2459,fear,tess
2460,fear,tess
2461,fear,tess
2462,fear,tess
2463,fear,tess
2464,fear,tess
2465,fear,tess
2466,fear,tess
2467,fear,tess
2468,fear,tess
2469,fear,tess
2470,fear,tess
2471,fear,tess
2472,fear,tess
2473,fear,tess
2474,fear,tess
2475,fear,tess
2476,fear,tess
2477,fear,tess
2478,fear,tess
2479,fear,tess
2480,fear,tess
2481,fear,tess
2482,fear,tess
2483,fear,tess
2484,fear,tess
2485,fear,tess
2486,fear,tess
2487,fear,tess
2488,fear,tess
2489,fear,tess
2490,fear,tess
2491,fear,tess
2492,fear,tess
2493,fear,tess
2494,fear,tess
2495,fear,tess
2496,fear,tess
2497,fear,tess
2498,fear,tess
2499,fear,tess
2500,fear,tess
2501,fear,tess
2502,fear,tess
2503,fear,tess
2504,fear,tess
2505,fear,tess
2506,fear,tess
2507,fear,tess
2508,fear,tess
2509,fear,tess
2510,fear,tess
2511,fear,tess
2512,fear,tess
2513,fear,tess
2514,fear,tess
2515,fear,tess
2516,fear,tess
2517,fear,tess
2518,fear,tess
2519,fear,tess
2520,fear,tess
2521,fear,tess
2522,fear,tess
2523,fear,tess
2524,fear,tess
2525,fear,tess
2526,fear,tess
2527,fear,tess
2528,fear,tess
2529,fear,tess
2530,fear,tess
2531,fear,tess
2532,fear,tess
2533,fear,tess
2534,fear,tess
2535,fear,tess
2536,fear,tess
2537,fear,tess
2538,fear,tess
2539,fear,tess
2540,fear,tess
2541,fear,tess
2542,fear,tess
2543,fear,tess
2544,fear,tess
2545,fear,tess
2546,fear,tess
2547,fear,tess
2548,fear,tess
2549,fear,tess
2550,fear,tess
2551,fear,tess
2552,fear,tess
2553,fear,tess
2554,fear,tess
2555,fear,tess
2556,fear,tess
2557,fear,tess
2558,fear,tess
2559,fear,tess
2560,fear,tess
2561,fear,tess
2562,fear,tess
2563,fear,tess
2564,fear,tess
2565,fear,tess
2566,fear,tess
2567,fear,tess
2568,fear,tess
2569,fear,tess
2570,fear,tess
2571,fear,tess
2572,fear,tess
2573,fear,tess
2574,fear,tess
2575,fear,tess
2576,fear,tess
2577,fear,tess
2578,fear,tess
2579,fear,tess
2580,fear,tess
2581,fear,tess
2582,fear,tess
2583,fear,tess
2584,fear,tess
2585,fear,tess
2586,fear,tess
2587,fear,tess
2588,fear,tess
2589,fear,tess
2590,fear,tess
2591,fear,tess
2592,fear,tess
2593,fear,tess
2594,fear,tess
2595,fear,tess
2596,fear,tess
2597,fear,tess
2598,fear,tess
2599,fear,tess
2600,fear,tess
2601,fear,tess
2602,fear,tess
2603,fear,tess
2604,fear,tess
2605,fear,tess
2606,fear,tess
2607,fear,tess
2608,fear,tess
2609,fear,tess
2610,fear,tess
2611,fear,tess
2612,fear,tess
2613,fear,tess
2614,fear,tess
2615,fear,tess
2616,fear,tess
2617,fear,tess
2618,fear,tess
2619,fear,tess
2620,fear,tess
2621,fear,tess
2622,fear,tess
2623,fear,tess
2624,fear,tess
2625,fear,tess
2626,fear,tess
2627,fear,tess
2628,fear,tess
2629,fear,tess
2630,fear,tess
2631,fear,tess
2632,fear,tess
2633,fear,tess
2634,fear,tess
2635,fear,tess
2636,fear,tess
2637,fear,tess
2638,fear,tess
2639,fear,tess
2640,sad,tess
2641,sad,tess
2642,sad,tess
2643,sad,tess
2644,sad,tess
2645,sad,tess
2646,sad,tess
2647,sad,tess
2648,sad,tess
2649,sad,tess
2650,sad,tess
2651,sad,tess
2652,sad,tess
2653,sad,tess
2654,sad,tess
2655,sad,tess
2656,sad,tess
2657,sad,tess
2658,sad,tess
2659,sad,tess
2660,sad,tess
2661,sad,tess
2662,sad,tess
2663,sad,tess
2664,sad,tess
2665,sad,tess
2666,sad,tess
2667,sad,tess
2668,sad,tess
2669,sad,tess
2670,sad,tess
2671,sad,tess
2672,sad,tess
2673,sad,tess
2674,sad,tess
2675,sad,tess
2676,sad,tess
2677,sad,tess
2678,sad,tess
2679,sad,tess
2680,sad,tess
2681,sad,tess
2682,sad,tess
2683,sad,tess
2684,sad,tess
2685,sad,tess
2686,sad,tess
2687,sad,tess
2688,sad,tess
2689,sad,tess
2690,sad,tess
2691,sad,tess
2692,sad,tess
2693,sad,tess
2694,sad,tess
2695,sad,tess
2696,sad,tess
2697,sad,tess
2698,sad,tess
2699,sad,tess
2700,sad,tess
2701,sad,tess
2702,sad,tess
2703,sad,tess
2704,sad,tess
2705,sad,tess
2706,sad,tess
2707,sad,tess
2708,sad,tess
2709,sad,tess
2710,sad,tess
2711,sad,tess
2712,sad,tess
2713,sad,tess
2714,sad,tess
2715,sad,tess
2716,sad,tess
2717,sad,tess
2718,sad,tess
2719,sad,tess
2720,sad,tess
2721,sad,tess
2722,sad,tess
2723,sad,tess
2724,sad,tess
2725,sad,tess
2726,sad,tess
2727,sad,tess
2728,sad,tess
2729,sad,tess
2730,sad,tess
2731,sad,tess
2732,sad,tess
2733,sad,tess
2734,sad,tess
2735,sad,tess
2736,sad,tess
2737,sad,tess
2738,sad,tess
2739,sad,tess
2740,sad,tess
2741,sad,tess
2742,sad,tess
2743,sad,tess
2744,sad,tess
2745,sad,tess
2746,sad,tess
2747,sad,tess
2748,sad,tess
2749,sad,tess
2750,sad,tess
2751,sad,tess
2752,sad,tess
2753,sad,tess
2754,sad,tess
2755,sad,tess
2756,sad,tess
2757,sad,tess
2758,sad,tess
2759,sad,tess
2760,sad,tess
2761,sad,tess
2762,sad,tess
2763,sad,tess
2764,sad,tess
2765,sad,tess
2766,sad,tess
2767,sad,tess
2768,sad,tess
2769,sad,tess
2770,sad,tess
2771,sad,tess
2772,sad,tess
2773,sad,tess
2774,sad,tess
2775,sad,tess
2776,sad,tess
2777,sad,tess
2778,sad,tess
2779,sad,tess
2780,sad,tess
2781,sad,tess
2782,sad,tess
2783,sad,tess
2784,sad,tess
2785,sad,tess
2786,sad,tess
2787,sad,tess
2788,sad,tess
2789,sad,tess
2790,sad,tess
2791,sad,tess
2792,sad,tess
2793,sad,tess
2794,sad,tess
2795,sad,tess
2796,sad,tess
2797,sad,tess
2798,sad,tess
2799,sad,tess
2800,sad,tess
2801,sad,tess
2802,sad,tess
2803,sad,tess
2804,sad,tess
2805,sad,tess
2806,sad,tess
2807,sad,tess
2808,sad,tess
2809,sad,tess
2810,sad,tess
2811,sad,tess
2812,sad,tess
2813,sad,tess
2814,sad,tess
2815,sad,tess
2816,sad,tess
2817,sad,tess
2818,sad,tess
2819,sad,tess
2820,sad,tess
2821,sad,tess
2822,sad,tess
2823,sad,tess
2824,sad,tess
2825,sad,tess
2826,sad,tess
2827,sad,tess
2828,sad,tess
2829,sad,tess
2830,sad,tess
2831,sad,tess
2832,sad,tess
2833,sad,tess
2834,sad,tess
2835,sad,tess
2836,sad,tess
2837,sad,tess
2838,sad,tess
2839,sad,tess
2840,neutral,tess
2841,neutral,tess
2842,neutral,tess
2843,neutral,tess
2844,neutral,tess
2845,neutral,tess
2846,neutral,tess
2847,neutral,tess
2848,neutral,tess
2849,neutral,tess
2850,neutral,tess
2851,neutral,tess
2852,neutral,tess
2853,neutral,tess
2854,neutral,tess
2855,neutral,tess
2856,neutral,tess
2857,neutral,tess
2858,neutral,tess
2859,neutral,tess
2860,neutral,tess
2861,neutral,tess
2862,neutral,tess
2863,neutral,tess
2864,neutral,tess
2865,neutral,tess
2866,neutral,tess
2867,neutral,tess
2868,neutral,tess
2869,neutral,tess
2870,neutral,tess
2871,neutral,tess
2872,neutral,tess
2873,neutral,tess
2874,neutral,tess
2875,neutral,tess
2876,neutral,tess
2877,neutral,tess
2878,neutral,tess
2879,neutral,tess
2880,neutral,tess
2881,neutral,tess
2882,neutral,tess
2883,neutral,tess
2884,neutral,tess
2885,neutral,tess
2886,neutral,tess
2887,neutral,tess
2888,neutral,tess
2889,neutral,tess
2890,neutral,tess
2891,neutral,tess
2892,neutral,tess
2893,neutral,tess
2894,neutral,tess
2895,neutral,tess
2896,neutral,tess
2897,neutral,tess
2898,neutral,tess
2899,neutral,tess
2900,neutral,tess
2901,neutral,tess
2902,neutral,tess
2903,neutral,tess
2904,neutral,tess
2905,neutral,tess
2906,neutral,tess
2907,neutral,tess
2908,neutral,tess
2909,neutral,tess
2910,neutral,tess
2911,neutral,tess
2912,neutral,tess
2913,neutral,tess
2914,neutral,tess
2915,neutral,tess
2916,neutral,tess
2917,neutral,tess
2918,neutral,tess
2919,neutral,tess
2920,neutral,tess
2921,neutral,tess
2922,neutral,tess
2923,neutral,tess
2924,neutral,tess
2925,neutral,tess
2926,neutral,tess
2927,neutral,tess
2928,neutral,tess
2929,neutral,tess
2930,neutral,tess
2931,neutral,tess
2932,neutral,tess
2933,neutral,tess
2934,neutral,tess
2935,neutral,tess
2936,neutral,tess
2937,neutral,tess
2938,neutral,tess
2939,neutral,tess
2940,neutral,tess
2941,neutral,tess
2942,neutral,tess
2943,neutral,tess
2944,neutral,tess
2945,neutral,tess
2946,neutral,tess
2947,neutral,tess
2948,neutral,tess
2949,neutral,tess
2950,neutral,tess
2951,neutral,tess
2952,neutral,tess
2953,neutral,tess
2954,neutral,tess
2955,neutral,tess
2956,neutral,tess
2957,neutral,tess
2958,neutral,tess
2959,neutral,tess
2960,neutral,tess
2961,neutral,tess
2962,neutral,tess
2963,neutral,tess
2964,neutral,tess
2965,neutral,tess
2966,neutral,tess
2967,neutral,tess
2968,neutral,tess
2969,neutral,tess
2970,neutral,tess
2971,neutral,tess
2972,neutral,tess
2973,neutral,tess
2974,neutral,tess
2975,neutral,tess
2976,neutral,tess
2977,neutral,tess
2978,neutral,tess
2979,neutral,tess
2980,neutral,tess
2981,neutral,tess
2982,neutral,tess
2983,neutral,tess
2984,neutral,tess
2985,neutral,tess
2986,neutral,tess
2987,neutral,tess
2988,neutral,tess
2989,neutral,tess
2990,neutral,tess
2991,neutral,tess
2992,neutral,tess
2993,neutral,tess
2994,neutral,tess
2995,neutral,tess
2996,neutral,tess
2997,neutral,tess
2998,neutral,tess
2999,neutral,tess
3000,neutral,tess
3001,neutral,tess
3002,neutral,tess
3003,neutral,tess
3004,neutral,tess
3005,neutral,tess
3006,neutral,tess
3007,neutral,tess
3008,neutral,tess
3009,neutral,tess
3010,neutral,tess
3011,neutral,tess
3012,neutral,tess
3013,neutral,tess
3014,neutral,tess
3015,neutral,tess
3016,neutral,tess
3017,neutral,tess
3018,neutral,tess
3019,neutral,tess
3020,neutral,tess
3021,neutral,tess
3022,neutral,tess
3023,neutral,tess
3024,neutral,tess
3025,neutral,tess
3026,neutral,tess
3027,neutral,tess
3028,neutral,tess
3029,neutral,tess
3030,neutral,tess
3031,neutral,tess
3032,neutral,tess
3033,neutral,tess
3034,neutral,tess
3035,neutral,tess
3036,neutral,tess
3037,neutral,tess
3038,neutral,tess
3039,neutral,tess
3040,fear,tess
3041,fear,tess
3042,fear,tess
3043,fear,tess
3044,fear,tess
3045,fear,tess
3046,fear,tess
3047,fear,tess
3048,fear,tess
3049,fear,tess
3050,fear,tess
3051,fear,tess
3052,fear,tess
3053,fear,tess
3054,fear,tess
3055,fear,tess
3056,fear,tess
3057,fear,tess
3058,fear,tess
3059,fear,tess
3060,fear,tess
3061,fear,tess
3062,fear,tess
3063,fear,tess
3064,fear,tess
3065,fear,tess
3066,fear,tess
3067,fear,tess
3068,fear,tess
3069,fear,tess
3070,fear,tess
3071,fear,tess
3072,fear,tess
3073,fear,tess
3074,fear,tess
3075,fear,tess
3076,fear,tess
3077,fear,tess
3078,fear,tess
3079,fear,tess
3080,fear,tess
3081,fear,tess
3082,fear,tess
3083,fear,tess
3084,fear,tess
3085,fear,tess
3086,fear,tess
3087,fear,tess
3088,fear,tess
3089,fear,tess
3090,fear,tess
3091,fear,tess
3092,fear,tess
3093,fear,tess
3094,fear,tess
3095,fear,tess
3096,fear,tess
3097,fear,tess
3098,fear,tess
3099,fear,tess
3100,fear,tess
3101,fear,tess
3102,fear,tess
3103,fear,tess
3104,fear,tess
3105,fear,tess
3106,fear,tess
3107,fear,tess
3108,fear,tess
3109,fear,tess
3110,fear,tess
3111,fear,tess
3112,fear,tess
3113,fear,tess
3114,fear,tess
3115,fear,tess
3116,fear,tess
3117,fear,tess
3118,fear,tess
3119,fear,tess
3120,fear,tess
3121,fear,tess
3122,fear,tess
3123,fear,tess
3124,fear,tess
3125,fear,tess
3126,fear,tess
3127,fear,tess
3128,fear,tess
3129,fear,tess
3130,fear,tess
3131,fear,tess
3132,fear,tess
3133,fear,tess
3134,fear,tess
3135,fear,tess
3136,fear,tess
3137,fear,tess
3138,fear,tess
3139,fear,tess
3140,fear,tess
3141,fear,tess
3142,fear,tess
3143,fear,tess
3144,fear,tess
3145,fear,tess
3146,fear,tess
3147,fear,tess
3148,fear,tess
3149,fear,tess
3150,fear,tess
3151,fear,tess
3152,fear,tess
3153,fear,tess
3154,fear,tess
3155,fear,tess
3156,fear,tess
3157,fear,tess
3158,fear,tess
3159,fear,tess
3160,fear,tess
3161,fear,tess
3162,fear,tess
3163,fear,tess
3164,fear,tess
3165,fear,tess
3166,fear,tess
3167,fear,tess
3168,fear,tess
3169,fear,tess
3170,fear,tess
3171,fear,tess
3172,fear,tess
3173,fear,tess
3174,fear,tess
3175,fear,tess
3176,fear,tess
3177,fear,tess
3178,fear,tess
3179,fear,tess
3180,fear,tess
3181,fear,tess
3182,fear,tess
3183,fear,tess
3184,fear,tess
3185,fear,tess
3186,fear,tess
3187,fear,tess
3188,fear,tess
3189,fear,tess
3190,fear,tess
3191,fear,tess
3192,fear,tess
3193,fear,tess
3194,fear,tess
3195,fear,tess
3196,fear,tess
3197,fear,tess
3198,fear,tess
3199,fear,tess
3200,fear,tess
3201,fear,tess
3202,fear,tess
3203,fear,tess
3204,fear,tess
3205,fear,tess
3206,fear,tess
3207,fear,tess
3208,fear,tess
3209,fear,tess
3210,fear,tess
3211,fear,tess
3212,fear,tess
3213,fear,tess
3214,fear,tess
3215,fear,tess
3216,fear,tess
3217,fear,tess
3218,fear,tess
3219,fear,tess
3220,fear,tess
3221,fear,tess
3222,fear,tess
3223,fear,tess
3224,fear,tess
3225,fear,tess
3226,fear,tess
3227,fear,tess
3228,fear,tess
3229,fear,tess
3230,fear,tess
3231,fear,tess
3232,fear,tess
3233,fear,tess
3234,fear,tess
3235,fear,tess
3236,fear,tess
3237,fear,tess
3238,fear,tess
3239,fear,tess
3240,disgust,tess
3241,disgust,tess
3242,disgust,tess
3243,disgust,tess
3244,disgust,tess
3245,disgust,tess
3246,disgust,tess
3247,disgust,tess
3248,disgust,tess
3249,disgust,tess
3250,disgust,tess
3251,disgust,tess
3252,disgust,tess
3253,disgust,tess
3254,disgust,tess
3255,disgust,tess
3256,disgust,tess
3257,disgust,tess
3258,disgust,tess
3259,disgust,tess
3260,disgust,tess
3261,disgust,tess
3262,disgust,tess
3263,disgust,tess
3264,disgust,tess
3265,disgust,tess
3266,disgust,tess
3267,disgust,tess
3268,disgust,tess
3269,disgust,tess
3270,disgust,tess
3271,disgust,tess
3272,disgust,tess
3273,disgust,tess
3274,disgust,tess
3275,disgust,tess
3276,disgust,tess
3277,disgust,tess
3278,disgust,tess
3279,disgust,tess
3280,disgust,tess
3281,disgust,tess
3282,disgust,tess
3283,disgust,tess
3284,disgust,tess
3285,disgust,tess
3286,disgust,tess
3287,disgust,tess
3288,disgust,tess
3289,disgust,tess
3290,disgust,tess
3291,disgust,tess
3292,disgust,tess
3293,disgust,tess
3294,disgust,tess
3295,disgust,tess
3296,disgust,tess
3297,disgust,tess
3298,disgust,tess
3299,disgust,tess
3300,disgust,tess
3301,disgust,tess
3302,disgust,tess
3303,disgust,tess
3304,disgust,tess
3305,disgust,tess
3306,disgust,tess
3307,disgust,tess
3308,disgust,tess
3309,disgust,tess
3310,disgust,tess
3311,disgust,tess
3312,disgust,tess
3313,disgust,tess
3314,disgust,tess
3315,disgust,tess
3316,disgust,tess
3317,disgust,tess
3318,disgust,tess
3319,disgust,tess
3320,disgust,tess
3321,disgust,tess
3322,disgust,tess
3323,disgust,tess
3324,disgust,tess
3325,disgust,tess
3326,disgust,tess
3327,disgust,tess
3328,disgust,tess
3329,disgust,tess
3330,disgust,tess
3331,disgust,tess
3332,disgust,tess
3333,disgust,tess
3334,disgust,tess
3335,disgust,tess
3336,disgust,tess
3337,disgust,tess
3338,disgust,tess
3339,disgust,tess
3340,disgust,tess
3341,disgust,tess
3342,disgust,tess
3343,disgust,tess
3344,disgust,tess
3345,disgust,tess
3346,disgust,tess
3347,disgust,tess
3348,disgust,tess
3349,disgust,tess
3350,disgust,tess
3351,disgust,tess
3352,disgust,tess
3353,disgust,tess
3354,disgust,tess
3355,disgust,tess
3356,disgust,tess
3357,disgust,tess
3358,disgust,tess
3359,disgust,tess
3360,disgust,tess
3361,disgust,tess
3362,disgust,tess
3363,disgust,tess
3364,disgust,tess
3365,disgust,tess
3366,disgust,tess
3367,disgust,tess
3368,disgust,tess
3369,disgust,tess
3370,disgust,tess
3371,disgust,tess
3372,disgust,tess
3373,disgust,tess
3374,disgust,tess
3375,disgust,tess
3376,disgust,tess
3377,disgust,tess
3378,disgust,tess
3379,disgust,tess
3380,disgust,tess
3381,disgust,tess
3382,disgust,tess
3383,disgust,tess
3384,disgust,tess
3385,disgust,tess
3386,disgust,tess
3387,disgust,tess
3388,disgust,tess
3389,disgust,tess
3390,disgust,tess
3391,disgust,tess
3392,disgust,tess
3393,disgust,tess
3394,disgust,tess
3395,disgust,tess
3396,disgust,tess
3397,disgust,tess
3398,disgust,tess
3399,disgust,tess
3400,disgust,tess
3401,disgust,tess
3402,disgust,tess
3403,disgust,tess
3404,disgust,tess
3405,disgust,tess
3406,disgust,tess
3407,disgust,tess
3408,disgust,tess
3409,disgust,tess
3410,disgust,tess
3411,disgust,tess
3412,disgust,tess
3413,disgust,tess
3414,disgust,tess
3415,disgust,tess
3416,disgust,tess
3417,disgust,tess
3418,disgust,tess
3419,disgust,tess
3420,disgust,tess
3421,disgust,tess
3422,disgust,tess
3423,disgust,tess
3424,disgust,tess
3425,disgust,tess
3426,disgust,tess
3427,disgust,tess
3428,disgust,tess
3429,disgust,tess
3430,disgust,tess
3431,disgust,tess
3432,disgust,tess
3433,disgust,tess
3434,disgust,tess
3435,disgust,tess
3436,disgust,tess
3437,disgust,tess
3438,disgust,tess
3439,disgust,tess
3440,surprised,tess
3441,surprised,tess
3442,surprised,tess
3443,surprised,tess
3444,surprised,tess
3445,surprised,tess
3446,surprised,tess
3447,surprised,tess
3448,surprised,tess
3449,surprised,tess
3450,surprised,tess
3451,surprised,tess
3452,surprised,tess
3453,surprised,tess
3454,surprised,tess
3455,surprised,tess
3456,surprised,tess
3457,surprised,tess
3458,surprised,tess
3459,surprised,tess
3460,surprised,tess
3461,surprised,tess
3462,surprised,tess
3463,surprised,tess
3464,surprised,tess
3465,surprised,tess
3466,surprised,tess
3467,surprised,tess
3468,surprised,tess
3469,surprised,tess
3470,surprised,tess
3471,surprised,tess
3472,surprised,tess
3473,surprised,tess
3474,surprised,tess
3475,surprised,tess
3476,surprised,tess
3477,surprised,tess
3478,surprised,tess
3479,surprised,tess
3480,surprised,tess
3481,surprised,tess
3482,surprised,tess
3483,surprised,tess
3484,surprised,tess
3485,surprised,tess
3486,surprised,tess
3487,surprised,tess
3488,surprised,tess
3489,surprised,tess
3490,surprised,tess
3491,surprised,tess
3492,surprised,tess
3493,surprised,tess
3494,surprised,tess
3495,surprised,tess
3496,surprised,tess
3497,surprised,tess
3498,surprised,tess
3499,surprised,tess
3500,surprised,tess
3501,surprised,tess
3502,surprised,tess
3503,surprised,tess
3504,surprised,tess
3505,surprised,tess
3506,surprised,tess
3507,surprised,tess
3508,surprised,tess
3509,surprised,tess
3510,surprised,tess
3511,surprised,tess
3512,surprised,tess
3513,surprised,tess
3514,surprised,tess
3515,surprised,tess
3516,surprised,tess
3517,surprised,tess
3518,surprised,tess
3519,surprised,tess
3520,surprised,tess
3521,surprised,tess
3522,surprised,tess
3523,surprised,tess
3524,surprised,tess
3525,surprised,tess
3526,surprised,tess
3527,surprised,tess
3528,surprised,tess
3529,surprised,tess
3530,surprised,tess
3531,surprised,tess
3532,surprised,tess
3533,surprised,tess
3534,surprised,tess
3535,surprised,tess
3536,surprised,tess
3537,surprised,tess
3538,surprised,tess
3539,surprised,tess
3540,surprised,tess
3541,surprised,tess
3542,surprised,tess
3543,surprised,tess
3544,surprised,tess
3545,surprised,tess
3546,surprised,tess
3547,surprised,tess
3548,surprised,tess
3549,surprised,tess
3550,surprised,tess
3551,surprised,tess
3552,surprised,tess
3553,surprised,tess
3554,surprised,tess
3555,surprised,tess
3556,surprised,tess
3557,surprised,tess
3558,surprised,tess
3559,surprised,tess
3560,surprised,tess
3561,surprised,tess
3562,surprised,tess
3563,surprised,tess
3564,surprised,tess
3565,surprised,tess
3566,surprised,tess
3567,surprised,tess
3568,surprised,tess
3569,surprised,tess
3570,surprised,tess
3571,surprised,tess
3572,surprised,tess
3573,surprised,tess
3574,surprised,tess
3575,surprised,tess
3576,surprised,tess
3577,surprised,tess
3578,surprised,tess
3579,surprised,tess
3580,surprised,tess
3581,surprised,tess
3582,surprised,tess
3583,surprised,tess
3584,surprised,tess
3585,surprised,tess
3586,surprised,tess
3587,surprised,tess
3588,surprised,tess
3589,surprised,tess
3590,surprised,tess
3591,surprised,tess
3592,surprised,tess
3593,surprised,tess
3594,surprised,tess
3595,surprised,tess
3596,surprised,tess
3597,surprised,tess
3598,surprised,tess
3599,surprised,tess
3600,surprised,tess
3601,surprised,tess
3602,surprised,tess
3603,surprised,tess
3604,surprised,tess
3605,surprised,tess
3606,surprised,tess
3607,surprised,tess
3608,surprised,tess
3609,surprised,tess
3610,surprised,tess
3611,surprised,tess
3612,surprised,tess
3613,surprised,tess
3614,surprised,tess
3615,surprised,tess
3616,surprised,tess
3617,surprised,tess
3618,surprised,tess
3619,surprised,tess
3620,surprised,tess
3621,surprised,tess
3622,surprised,tess
3623,surprised,tess
3624,surprised,tess
3625,surprised,tess
3626,surprised,tess
3627,surprised,tess
3628,surprised,tess
3629,surprised,tess
3630,surprised,tess
3631,surprised,tess
3632,surprised,tess
3633,surprised,tess
3634,surprised,tess
3635,surprised,tess
3636,surprised,tess
3637,surprised,tess
3638,surprised,tess
3639,surprised,tess
3640,disgust,tess
3641,disgust,tess
3642,disgust,tess
3643,disgust,tess
3644,disgust,tess
3645,disgust,tess
3646,disgust,tess
3647,disgust,tess
3648,disgust,tess
3649,disgust,tess
3650,disgust,tess
3651,disgust,tess
3652,disgust,tess
3653,disgust,tess
3654,disgust,tess
3655,disgust,tess
3656,disgust,tess
3657,disgust,tess
3658,disgust,tess
3659,disgust,tess
3660,disgust,tess
3661,disgust,tess
3662,disgust,tess
3663,disgust,tess
3664,disgust,tess
3665,disgust,tess
3666,disgust,tess
3667,disgust,tess
3668,disgust,tess
3669,disgust,tess
3670,disgust,tess
3671,disgust,tess
3672,disgust,tess
3673,disgust,tess
3674,disgust,tess
3675,disgust,tess
3676,disgust,tess
3677,disgust,tess
3678,disgust,tess
3679,disgust,tess
3680,disgust,tess
3681,disgust,tess
3682,disgust,tess
3683,disgust,tess
3684,disgust,tess
3685,disgust,tess
3686,disgust,tess
3687,disgust,tess
3688,disgust,tess
3689,disgust,tess
3690,disgust,tess
3691,disgust,tess
3692,disgust,tess
3693,disgust,tess
3694,disgust,tess
3695,disgust,tess
3696,disgust,tess
3697,disgust,tess
3698,disgust,tess
3699,disgust,tess
3700,disgust,tess
3701,disgust,tess
3702,disgust,tess
3703,disgust,tess
3704,disgust,tess
3705,disgust,tess
3706,disgust,tess
3707,disgust,tess
3708,disgust,tess
3709,disgust,tess
3710,disgust,tess
3711,disgust,tess
3712,disgust,tess
3713,disgust,tess
3714,disgust,tess
3715,disgust,tess
3716,disgust,tess
3717,disgust,tess
3718,disgust,tess
3719,disgust,tess
3720,disgust,tess
3721,disgust,tess
3722,disgust,tess
3723,disgust,tess
3724,disgust,tess
3725,disgust,tess
3726,disgust,tess
3727,disgust,tess
3728,disgust,tess
3729,disgust,tess
3730,disgust,tess
3731,disgust,tess
3732,disgust,tess
3733,disgust,tess
3734,disgust,tess
3735,disgust,tess
3736,disgust,tess
3737,disgust,tess
3738,disgust,tess
3739,disgust,tess
3740,disgust,tess
3741,disgust,tess
3742,disgust,tess
3743,disgust,tess
3744,disgust,tess
3745,disgust,tess
3746,disgust,tess
3747,disgust,tess
3748,disgust,tess
3749,disgust,tess
3750,disgust,tess
3751,disgust,tess
3752,disgust,tess
3753,disgust,tess
3754,disgust,tess
3755,disgust,tess
3756,disgust,tess
3757,disgust,tess
3758,disgust,tess
3759,disgust,tess
3760,disgust,tess
3761,disgust,tess
3762,disgust,tess
3763,disgust,tess
3764,disgust,tess
3765,disgust,tess
3766,disgust,tess
3767,disgust,tess
3768,disgust,tess
3769,disgust,tess
3770,disgust,tess
3771,disgust,tess
3772,disgust,tess
3773,disgust,tess
3774,disgust,tess
3775,disgust,tess
3776,disgust,tess
3777,disgust,tess
3778,disgust,tess
3779,disgust,tess
3780,disgust,tess
3781,disgust,tess
3782,disgust,tess
3783,disgust,tess
3784,disgust,tess
3785,disgust,tess
3786,disgust,tess
3787,disgust,tess
3788,disgust,tess
3789,disgust,tess
3790,disgust,tess
3791,disgust,tess
3792,disgust,tess
3793,disgust,tess
3794,disgust,tess
3795,disgust,tess
3796,disgust,tess
3797,disgust,tess
3798,disgust,tess
3799,disgust,tess
3800,disgust,tess
3801,disgust,tess
3802,disgust,tess
3803,disgust,tess
3804,disgust,tess
3805,disgust,tess
3806,disgust,tess
3807,disgust,tess
3808,disgust,tess
3809,disgust,tess
3810,disgust,tess
3811,disgust,tess
3812,disgust,tess
3813,disgust,tess
3814,disgust,tess
3815,disgust,tess
3816,disgust,tess
3817,disgust,tess
3818,disgust,tess
3819,disgust,tess
3820,disgust,tess
3821,disgust,tess
3822,disgust,tess
3823,disgust,tess
3824,disgust,tess
3825,disgust,tess
3826,disgust,tess
3827,disgust,tess
3828,disgust,tess
3829,disgust,tess
3830,disgust,tess
3831,disgust,tess
3832,disgust,tess
3833,disgust,tess
3834,disgust,tess
3835,disgust,tess
3836,disgust,tess
3837,disgust,tess
3838,disgust,tess
3839,disgust,tess
3840,surprised,tess
3841,surprised,tess
3842,surprised,tess
3843,surprised,tess
3844,surprised,tess
3845,surprised,tess
3846,surprised,tess
3847,surprised,tess
3848,surprised,tess
3849,surprised,tess
3850,surprised,tess
3851,surprised,tess
3852,surprised,tess
3853,surprised,tess
3854,surprised,tess
3855,surprised,tess
3856,surprised,tess
3857,surprised,tess
3858,surprised,tess
3859,surprised,tess
3860,surprised,tess
3861,surprised,tess
3862,surprised,tess
3863,surprised,tess
3864,surprised,tess
3865,surprised,tess
3866,surprised,tess
3867,surprised,tess
3868,surprised,tess
3869,surprised,tess
3870,surprised,tess
3871,surprised,tess
3872,surprised,tess
3873,surprised,tess
3874,surprised,tess
3875,surprised,tess
3876,surprised,tess
3877,surprised,tess
3878,surprised,tess
3879,surprised,tess
3880,surprised,tess
3881,surprised,tess
3882,surprised,tess
3883,surprised,tess
3884,surprised,tess
3885,surprised,tess
3886,surprised,tess
3887,surprised,tess
3888,surprised,tess
3889,surprised,tess
3890,surprised,tess
3891,surprised,tess
3892,surprised,tess
3893,surprised,tess
3894,surprised,tess
3895,surprised,tess
3896,surprised,tess
3897,surprised,tess
3898,surprised,tess
3899,surprised,tess
3900,surprised,tess
3901,surprised,tess
3902,surprised,tess
3903,surprised,tess
3904,surprised,tess
3905,surprised,tess
3906,surprised,tess
3907,surprised,tess
3908,surprised,tess
3909,surprised,tess
3910,surprised,tess
3911,surprised,tess
3912,surprised,tess
3913,surprised,tess
3914,surprised,tess
3915,surprised,tess
3916,surprised,tess
3917,surprised,tess
3918,surprised,tess
3919,surprised,tess
3920,surprised,tess
3921,surprised,tess
3922,surprised,tess
3923,surprised,tess
3924,surprised,tess
3925,surprised,tess
3926,surprised,tess
3927,surprised,tess
3928,surprised,tess
3929,surprised,tess
3930,surprised,tess
3931,surprised,tess
3932,surprised,tess
3933,surprised,tess
3934,surprised,tess
3935,surprised,tess
3936,surprised,tess
3937,surprised,tess
3938,surprised,tess
3939,surprised,tess
3940,surprised,tess
3941,surprised,tess
3942,surprised,tess
3943,surprised,tess
3944,surprised,tess
3945,surprised,tess
3946,surprised,tess
3947,surprised,tess
3948,surprised,tess
3949,surprised,tess
3950,surprised,tess
3951,surprised,tess
3952,surprised,tess
3953,surprised,tess
3954,surprised,tess
3955,surprised,tess
3956,surprised,tess
3957,surprised,tess
3958,surprised,tess
3959,surprised,tess
3960,surprised,tess
3961,surprised,tess
3962,surprised,tess
3963,surprised,tess
3964,surprised,tess
3965,surprised,tess
3966,surprised,tess
3967,surprised,tess
3968,surprised,tess
3969,surprised,tess
3970,surprised,tess
3971,surprised,tess
3972,surprised,tess
3973,surprised,tess
3974,surprised,tess
3975,surprised,tess
3976,surprised,tess
3977,surprised,tess
3978,surprised,tess
3979,surprised,tess
3980,surprised,tess
3981,surprised,tess
3982,surprised,tess
3983,surprised,tess
3984,surprised,tess
3985,surprised,tess
3986,surprised,tess
3987,surprised,tess
3988,surprised,tess
3989,surprised,tess
3990,surprised,tess
3991,surprised,tess
3992,surprised,tess
3993,surprised,tess
3994,surprised,tess
3995,surprised,tess
3996,surprised,tess
3997,surprised,tess
3998,surprised,tess
3999,surprised,tess
4000,surprised,tess
4001,surprised,tess
4002,surprised,tess
4003,surprised,tess
4004,surprised,tess
4005,surprised,tess
4006,surprised,tess
4007,surprised,tess
4008,surprised,tess
4009,surprised,tess
4010,surprised,tess
4011,surprised,tess
4012,surprised,tess
4013,surprised,tess
4014,surprised,tess
4015,surprised,tess
4016,surprised,tess
4017,surprised,tess
4018,surprised,tess
4019,surprised,tess
4020,surprised,tess
4021,surprised,tess
4022,surprised,tess
4023,surprised,tess
4024,surprised,tess
4025,surprised,tess
4026,surprised,tess
4027,surprised,tess
4028,surprised,tess
4029,surprised,tess
4030,surprised,tess
4031,surprised,tess
4032,surprised,tess
4033,surprised,tess
4034,surprised,tess
4035,surprised,tess
4036,surprised,tess
4037,surprised,tess
4038,surprised,tess
4039,surprised,tess
4040,neutral,tess
4041,neutral,tess
4042,neutral,tess
4043,neutral,tess
4044,neutral,tess
4045,neutral,tess
4046,neutral,tess
4047,neutral,tess
4048,neutral,tess
4049,neutral,tess
4050,neutral,tess
4051,neutral,tess
4052,neutral,tess
4053,neutral,tess
4054,neutral,tess
4055,neutral,tess
4056,neutral,tess
4057,neutral,tess
4058,neutral,tess
4059,neutral,tess
4060,neutral,tess
4061,neutral,tess
4062,neutral,tess
4063,neutral,tess
4064,neutral,tess
4065,neutral,tess
4066,neutral,tess
4067,neutral,tess
4068,neutral,tess
4069,neutral,tess
4070,neutral,tess
4071,neutral,tess
4072,neutral,tess
4073,neutral,tess
4074,neutral,tess
4075,neutral,tess
4076,neutral,tess
4077,neutral,tess
4078,neutral,tess
4079,neutral,tess
4080,neutral,tess
4081,neutral,tess
4082,neutral,tess
4083,neutral,tess
4084,neutral,tess
4085,neutral,tess
4086,neutral,tess
4087,neutral,tess
4088,neutral,tess
4089,neutral,tess
4090,neutral,tess
4091,neutral,tess
4092,neutral,tess
4093,neutral,tess
4094,neutral,tess
4095,neutral,tess
4096,neutral,tess
4097,neutral,tess
4098,neutral,tess
4099,neutral,tess
4100,neutral,tess
4101,neutral,tess
4102,neutral,tess
4103,neutral,tess
4104,neutral,tess
4105,neutral,tess
4106,neutral,tess
4107,neutral,tess
4108,neutral,tess
4109,neutral,tess
4110,neutral,tess
4111,neutral,tess
4112,neutral,tess
4113,neutral,tess
4114,neutral,tess
4115,neutral,tess
4116,neutral,tess
4117,neutral,tess
4118,neutral,tess
4119,neutral,tess
4120,neutral,tess
4121,neutral,tess
4122,neutral,tess
4123,neutral,tess
4124,neutral,tess
4125,neutral,tess
4126,neutral,tess
4127,neutral,tess
4128,neutral,tess
4129,neutral,tess
4130,neutral,tess
4131,neutral,tess
4132,neutral,tess
4133,neutral,tess
4134,neutral,tess
4135,neutral,tess
4136,neutral,tess
4137,neutral,tess
4138,neutral,tess
4139,neutral,tess
4140,neutral,tess
4141,neutral,tess
4142,neutral,tess
4143,neutral,tess
4144,neutral,tess
4145,neutral,tess
4146,neutral,tess
4147,neutral,tess
4148,neutral,tess
4149,neutral,tess
4150,neutral,tess
4151,neutral,tess
4152,neutral,tess
4153,neutral,tess
4154,neutral,tess
4155,neutral,tess
4156,neutral,tess
4157,neutral,tess
4158,neutral,tess
4159,neutral,tess
4160,neutral,tess
4161,neutral,tess
4162,neutral,tess
4163,neutral,tess
4164,neutral,tess
4165,neutral,tess
4166,neutral,tess
4167,neutral,tess
4168,neutral,tess
4169,neutral,tess
4170,neutral,tess
4171,neutral,tess
4172,neutral,tess
4173,neutral,tess
4174,neutral,tess
4175,neutral,tess
4176,neutral,tess
4177,neutral,tess
4178,neutral,tess
4179,neutral,tess
4180,neutral,tess
4181,neutral,tess
4182,neutral,tess
4183,neutral,tess
4184,neutral,tess
4185,neutral,tess
4186,neutral,tess
4187,neutral,tess
4188,neutral,tess
4189,neutral,tess
4190,neutral,tess
4191,neutral,tess
4192,neutral,tess
4193,neutral,tess
4194,neutral,tess
4195,neutral,tess
4196,neutral,tess
4197,neutral,tess
4198,neutral,tess
4199,neutral,tess
4200,neutral,tess
4201,neutral,tess
4202,neutral,tess
4203,neutral,tess
4204,neutral,tess
4205,neutral,tess
4206,neutral,tess
4207,neutral,tess
4208,neutral,tess
4209,neutral,tess
4210,neutral,tess
4211,neutral,tess
4212,neutral,tess
4213,neutral,tess
4214,neutral,tess
4215,neutral,tess
4216,neutral,tess
4217,neutral,tess
4218,neutral,tess
4219,neutral,tess
4220,neutral,tess
4221,neutral,tess
4222,neutral,tess
4223,neutral,tess
4224,neutral,tess
4225,neutral,tess
4226,neutral,tess
4227,neutral,tess
4228,neutral,tess
4229,neutral,tess
4230,neutral,tess
4231,neutral,tess
4232,neutral,tess
4233,neutral,tess
4234,neutral,tess
4235,neutral,tess
4236,neutral,tess
4237,neutral,tess
4238,neutral,tess
4239,neutral,tess
